"canonisation_score","ID"
0.0520374856859669,"A_BELEAGUERED_CITY_noWikiID"
0.158330619297716,"A_CHILD_OF_THE_JAGO_Q4655860"
0.374053924716987,"A_CHRISTMAS_CAROL_Q62879"
0.117501066676145,"A_COMPLETE_COLLECTION_OF_GENTEEL_AND_INGENIOUS_CONVERSATION_Q4656050"
0.11291791638611,"A_CRYSTAL_AGE_Q4656205"
0.049863479389024,"A_DARK_NIGHT'S_WORK_Q16385401"
0.207211382680442,"A_DRAMA_IN_MUSLIN_noWikiID"
0.117501066676145,"A_DREAM_OF_JOHN_BALL_noWikiID"
0.122244604531682,"A_HOLIDAY_ROMANCE_noWikiID"
0.0477757206414661,"A_HOUSE_TO_LET_Q4657430"
0.374053924716987,"A_JOURNAL_OF_THE_PLAGUE_YEAR_Q1215399"
0.11291791638611,"A_JOURNEY_FROM_THIS_WORLD_TO_THE_NEXT_noWikiID"
0.117501066676145,"A_LADY'S_LIFE_IN_THE_ROCKY_MOUNTAINS_noWikiID"
0.122244604531682,"A_LAODICEAN_Q2105252"
0.11291791638611,"A_LEGEND_OF_MONTROSE_Q3549611"
0.117501066676145,"A_LITTLE_PRINCESS_Q10483376"
0.11291791638611,"A_MERE_ACCIDENT_noWikiID"
0.122244604531682,"A_MODERN_UTOPIA_Q1249074"
0.172694745758032,"A_MODEST_PROPOSAL_Q264143"
0.332981899154278,"A_PAIR_OF_BLUE_EYES_Q2931240"
0.137472234822425,"A_PATCH-WORK_SCREEN_FOR_THE_LADIES_noWikiID"
0.122244604531682,"A_POLITICAL_ROMANCE_Q4658949"
0.11291791638611,"A_RIDE_ACROSS_PALESTINE_noWikiID"
0.049863479389024,"A_ROMANCE_OF_TWO_WORLDS_Q4659270"
0.117501066676145,"A_ROOM_WITH_A_VIEW_Q120288"
0.185923994154683,"A_SENTIMENTAL_JOURNEY_THROUGH_FRANCE_AND_ITALY_Q768792"
0.190637850864638,"A_SICILIAN_ROMANCE_Q979649"
0.177146178958168,"A_SIMPLE_STORY_Q4659531"
0.049863479389024,"A_SON_OF_THE_SOIL_Q106040512"
0.11291791638611,"A_SPORTSMAN'S_SKETCHES_noWikiID"
0.11291791638611,"A_STORY_OF_THE_STONE_AGE_Q4659835"
0.353247063375283,"A_STUDY_IN_SCARLET_Q223131"
0.46129393099787,"A_TALE_OF_A_TUB_Q2353123"
0.517417033796863,"A_TALE_OF_TWO_CITIES_Q308918"
0.11291791638611,"A_WINDOW_IN_THRUMS_noWikiID"
0.049863479389024,"A_WORLD_OF_GIRLS_noWikiID"
0.0477757206414661,"ACROSS_THE_ZODIAC_Q4676516"
0.117501066676145,"ACTIONS_AND_REACTIONS_noWikiID"
0.733799591996489,"ADAM_BEDE_Q2611046"
0.11291791638611,"ADELA_CATHCART_noWikiID"
0.0520374856859669,"ADELINE_MOWBRAY_Q65083334"
0.0477757206414661,"ADVENTURES_OF_A_PINCUSHION_noWikiID"
0.132226821715085,"AFTER_DARK_noWikiID"
0.11291791638611,"AFTER_LONDON;_OR,_WILD_ENGLAND_noWikiID"
0.325982643945805,"AGNES_GREY_Q517172"
0.11291791638611,"ALEC_FORBES_OF_HOWGLEN_noWikiID"
0.384640372733741,"ALICE'S_ADVENTURES_IN_WONDERLAND_Q92640"
0.0520374856859669,"ALL_SORTS_AND_CONDITIONS_OF_MEN_noWikiID"
0.142891468333576,"ALLAN_QUATERMAIN_(NOVEL)_Q4062545"
0.122244604531682,"ALMAYER'S_FOLLY_Q2404359"
0.148487553986026,"ALTON_LOCKE_Q4736895"
0.11291791638611,"AMY_FOSTER_Q4749187"
0.137472234822425,"AN_APOLOGY_FOR_THE_LIFE_OF_MRS._SHAMELA_ANDREWS_Q2743569"
0.0543008598413405,"AN_IRISH_COUSIN_noWikiID"
0.11291791638611,"AN_OUTCAST_OF_THE_ISLANDS_Q1090444"
0.160221548263055,"ANN_VERONICA_Q1247736"
0.122244604531682,"ANNA_ST_IVES_noWikiID"
0.172694745758032,"ANNALS_OF_THE_PARISH_Q4767877"
0.0477757206414661,"ANTAR_noWikiID"
0.395337204568379,"ARMADALE_Q4792516"
0.0477757206414661,"ARTHUR_MERVYN_Q4799713"
0.137472234822425,"AT_THE_BACK_OF_THE_NORTH_WIND_Q1619593"
0.117501066676145,"AT_THE_END_OF_THE_PASSAGE_noWikiID"
0.117501066676145,"AULD_LICHT_IDYLLS_noWikiID"
0.316181109886472,"AURORA_FLOYD_Q4822530"
0.142891468333576,"AYESHA_(NOVEL)_Q2604590"
0.30372380755444,"BARCHESTER_TOWERS_Q4859885"
0.294299317623214,"BASIL_noWikiID"
0.384640372733741,"BELINDA_noWikiID"
0.363586690277014,"BLACK_BEAUTY_Q880092"
0.958008839727505,"BLEAK_HOUSE_Q883305"
0.11291791638611,"BLIND_LOVE_noWikiID"
0.11291791638611,"BORN_IN_EXILE_Q4945890"
0.049863479389024,"BROKEN_TO_HARNESS_noWikiID"
0.616422785736394,"CALEB_WILLIAMS_Q7784409"
0.11291791638611,"CALLISTA_(NOVEL)_Q2934238"
0.550971056761127,"CAMILLA_Q2934813"
0.122244604531682,"CAPTAIN_SINGLETON_Q1728631"
0.0477757206414661,"CAPTAINS_COURAGEOUS_Q1035138"
0.137472234822425,"CARMILLA_Q1043792"
0.11291791638611,"CARNIVAL_noWikiID"
0.0477757206414661,"CARROTS_noWikiID"
0.86626658311391,"CASTLE_RACKRENT_Q5050238"
0.117501066676145,"CASTLE_RICHMOND_Q5050241"
0.11291791638611,"CATHERINE,_A_STORY_noWikiID"
0.11291791638611,"CATRIONA_noWikiID"
0.177146178958168,"CECILIA_Q3233990"
0.11291791638611,"CELESTINA_Q583705"
0.117501066676145,"CELIBATES_noWikiID"
0.294299317623214,"CHANCE_Q793748"
0.0477757206414661,"CHARLOTTE_TEMPLE_noWikiID"
0.0520374856859669,"CHILDREN_OF_THE_GHETTO_noWikiID"
0.142891468333576,"CHRONICLES_OF_THE_CANONGATE_Q17352486"
0.0477757206414661,"CITY_SCENES_noWikiID"
0.965599150597217,"CLARISSA_Q980534"
0.0477757206414661,"CLEG_KELLY_noWikiID"
0.11291791638611,"COCK_AND_ANCHOR_noWikiID"
0.0699415703280632,"COELEBS_IN_SEARCH_OF_A_WIFE_Q5140605"
0.0520374856859669,"COMETH_UP_AS_A_FLOWER_Q19571321"
0.0566567958260902,"CONFESSIONS_OF_A_THUG_(NOVEL)_Q5160036"
0.137472234822425,"CONFESSIONS_OF_A_YOUNG_MAN_Q5160039"
0.353247063375283,"CONFESSIONS_OF_AN_ENGLISH_OPIUM-EATER_Q1610128"
0.122244604531682,"CONINGSBY_Q5161083"
0.0566567958260902,"CORAL_ISLAND_Q4232653"
0.117501066676145,"COUNT_ROBERT_OF_PARIS_noWikiID"
0.135806373618849,"COUSIN_PHILLIS_noWikiID"
0.227753497177042,"CRANFORD_(NOVEL)_Q265100"
0.0477757206414661,"CROTCHET_CASTLE_Q5188976"
0.69722573995813,"DANIEL_DERONDA_Q552238"
0.0477757206414661,"DAUGHTERS_OF_MEN_noWikiID"
0.46129393099787,"DAVID_COPPERFIELD_Q189811"
0.117501066676145,"DAVID_ELGINBROD_Q5233331"
0.154263355437284,"DE_PROFUNDIS_(LETTER)_Q1249459"
0.117501066676145,"DEERBROOK_noWikiID"
0.0543008598413405,"DEMOS_noWikiID"
0.30372380755444,"DESPERATE_REMEDIES_Q2846293"
0.11291791638611,"DIANA_OF_THE_CROSSWAYS_Q5271362"
0.0543008598413405,"DISCIPLINE_noWikiID"
0.294299317623214,"DOCTOR_THORNE_noWikiID"
0.594948283367066,"DOMBEY_AND_SON_Q963659"
0.790633780314419,"DR_JEKYLL_AND_MR_HYDE_Q217352"
0.964677124546833,"DRACULA_Q41542"
0.0477757206414661,"DREAMERS_OF_THE_GHETTO_noWikiID"
0.797979883708377,"DUBLINERS_Q459592"
0.498261873505709,"EAST_LYNNE_Q5328900"
0.677911265542429,"EMMA_(NOVEL)_Q223880"
0.049863479389024,"EMMA_OR_THE_UNFORTUNATE_ATTACHMENT_noWikiID"
0.137472234822425,"EMMELINE_Q5373421"
0.117501066676145,"ENNUI_Q117149111"
0.0699415703280632,"EREWHON_Q1350048"
0.0477757206414661,"EREWHON_REVISITED_Q5385740"
0.0543008598413405,"ERIC_OR_LITTLE_BY_LITTLE_Q5385958"
0.0477757206414661,"ESTHER_noWikiID"
0.285047546124646,"ESTHER_WATERS_Q5401319"
0.0477757206414661,"EUGENE_ARAM_(NOVEL)_Q16385636"
0.57979506909561,"EVELINA_Q1635110"
0.0543008598413405,"EVENINGS_AT_HOME_Q5416654"
0.11291791638611,"EXILUS_noWikiID"
0.049863479389024,"FANNY_HILL_Q1395765"
0.11291791638611,"FANTOMINA_Q5434405"
0.323070787610778,"FAR_FROM_THE_MADDING_CROWD_Q5642996"
0.0543008598413405,"FARDOROUGHA_THE_MISER_noWikiID"
0.154263355437284,"FELIX_HOLT_THE_RADICAL_Q5442230"
0.0477757206414661,"FIVE_CHILDREN_AND_IT_noWikiID"
0.141170686071351,"FLATLAND_noWikiID"
0.0477757206414661,"FOR_THE_TERM_OF_HIS_NATURAL_LIFE_noWikiID"
0.11291791638611,"FORTUNATE_FOUNDLINGS_noWikiID"
0.985957888404111,"FRANKENSTEIN_Q150827"
0.0477757206414661,"GHETTO_TRAGEDIES_noWikiID"
0.0566567958260902,"GLENARVON_Q3771960"
0.0477757206414661,"GOING_TO_MAYNOOTH_noWikiID"
0.117501066676145,"GRANNY'S_WONDERFUL_CHAIR_noWikiID"
0.706633180000831,"GREAT_EXPECTATIONS_Q219552"
0.971587266152791,"GULLIVER'S_TRAVELS_Q181488"
0.172694745758032,"GUY_MANNERING_Q2288976"
0.0477757206414661,"HALF_A_LIFE-TIME_AGO_noWikiID"
0.0566567958260902,"HARD_CASH_(NOVEL)_Q30314349"
0.706633180000831,"HARD_TIMES_(NOVEL)_Q1340493"
0.11291791638611,"HARRINGTON_noWikiID"
0.049863479389024,"HAUNTINGS_noWikiID"
0.353247063375283,"HE_KNEW_HE_WAS_RIGHT_noWikiID"
0.049863479389024,"HEADLONG_HALL_Q5689829"
0.127152048513252,"HEART_AND_SCIENCE_noWikiID"
0.75930721969968,"HEART_OF_DARKNESS_Q129778"
0.0477757206414661,"HELBECK_OF_BANNISDALE_Q19572074"
0.11291791638611,"HELEN_noWikiID"
0.0477757206414661,"HENRY_DUNBAR_noWikiID"
0.122244604531682,"HEREWARD_THE_WAKE_(NOVEL)_Q5738318"
0.0477757206414661,"HERMSPRONG_Q5742104"
0.135806373618849,"HESTER_noWikiID"
0.285047546124646,"HIDE_AND_SEEK_noWikiID"
0.11291791638611,"HISTORY_OF_JOHN_BULL_noWikiID"
0.0566567958260902,"HOLIDAY_HOUSE_noWikiID"
0.16636459934805,"HOWARDS_END_Q1146642"
0.0543008598413405,"HYMNS_IN_PROSE_FOR_CHILDREN_Q9005648"
0.127152048513252,"IMAGINARY_PORTRAITS_noWikiID"
0.117501066676145,"IMPRESSIONS_OF_THEOPHRASTUS_SUCH_Q6007633"
0.30372380755444,"IN_A_GLASS_DARKLY_Q6011356"
0.117501066676145,"IN_THE_YEAR_OF_JUBILEE_Q19572195"
0.0616594855735503,"IT_IS_NEVER_TOO_LATE_TO_MEND_(NOVEL)_Q6091852"
0.706633180000831,"IVANHOE_Q840974"
0.049863479389024,"JACK_SHEPPARD_noWikiID"
0.993700367636865,"JANE_EYRE_Q182961"
0.0591085593605752,"JESSICA'S_FIRST_PRAYER_noWikiID"
0.285047546124646,"JEZEBEL'S_DAUGHTER_noWikiID"
0.11291791638611,"JOHN_BURNET_OF_BARNS_noWikiID"
0.132226821715085,"JOHN_HALIFAX_GENTLEMAN_Q6237289"
0.30372380755444,"JONATHAN_WILD_noWikiID"
0.117501066676145,"JORROCK'S_JAUNTS_AND_JOLLITIES_noWikiID"
0.294299317623214,"JOSEPH_ANDREWS_Q784226"
0.573104135313384,"JUDE_THE_OBSCURE_Q1248773"
0.294299317623214,"JUST_SO_STORIES_Q1247723"
0.117501066676145,"KENILWORTH_Q2600597"
0.384640372733741,"KIDNAPPED_(NOVEL)_Q2349094"
0.68764997588443,"KIM_(NOVEL)_Q589868"
0.406135180117558,"KING_SOLOMON'S_MINES_Q1137494"
0.142891468333576,"KIPPS_Q1249082"
0.0643129761992644,"KNOCKNAGOW_noWikiID"
0.769791600120154,"LADY_AUDLEY'S_SECRET_Q2738351"
0.0477757206414661,"LEVER'S_LORD_KILGOBBIN_noWikiID"
0.117501066676145,"LIBER_AMORIS_noWikiID"
0.0477757206414661,"LIFE_AND_ADVENTURES_OF_PETER_WILKINS_noWikiID"
0.049863479389024,"LIFE_AND_PERAMBULATIONS_OF_A_MOUSE_noWikiID"
0.11291791638611,"LIFE'S_LITTLE_IRONIES_noWikiID"
0.122244604531682,"LILITH_noWikiID"
0.677911265542429,"LITTLE_DORRIT_Q565638"
0.122244604531682,"LITTLE_LORD_FAUNTLEROY_Q387480"
0.0520374856859669,"LONGSWORD_(NOVEL)_Q104859091"
0.313316107488017,"LORD_JIM_Q727408"
0.135806373618849,"LORNA_DOONE_Q3400981"
0.122244604531682,"LOSS_AND_GAIN_Q3259809"
0.0477757206414661,"LOST_DIARIES_noWikiID"
0.049863479389024,"LOVE_AMONG_THE_RUINS_noWikiID"
0.0477757206414661,"LOVE_AND_MADNESS_Q6691643"
0.117501066676145,"LOVE_AND_MR_LEWISHAM_Q4271834"
0.23024672621441,"LOVE_IN_EXCESS;_OR_THE_FATAL_ENQUIRY_Q1588738"
0.127152048513252,"LOVE_INTRIGUES_noWikiID"
0.11291791638611,"MADAM_HOW_AND_LADY_WHY_noWikiID"
0.313316107488017,"MAN_AND_WIFE_(NOVEL)_Q16386863"
0.637452560360192,"MANSFIELD_PARK_Q469690"
0.616422785736394,"MARIA_OR_THE_WRONGS_OF_WOMAN_Q890170"
0.148487553986026,"MARIUS_THE_EPICUREAN_Q5477441"
0.0543008598413405,"MARRIAGE_noWikiID"
0.395337204568379,"MARTIN_CHUZZLEWIT_Q1903609"
0.132226821715085,"MARY_A_FICTION_Q2900963"
0.619558723877394,"MARY_BARTON_Q2607078"
0.0477757206414661,"MASTERMAN_READY_OR_THE_WRECK_OF_THE_PACIFIC_Q6785376"
0.0477757206414661,"MATHILDA_Q3851863"
0.0477757206414661,"MAX_noWikiID"
0.0477757206414661,"MAZEPPA_noWikiID"
0.356287748913087,"MELMOTH_THE_WANDERER_Q1475956"
0.137472234822425,"MEMOIRS_OF_A_CAVALIER_Q6815274"
0.0520374856859669,"MEMOIRS_OF_A_MAGDALEN_Q6815279"
0.11291791638611,"MEMOIRS_OF_CARWIN_THE_BILOQUIST_Q6815263"
0.197672587097148,"MEMOIRS_OF_EMMA_COURTNEY_Q2395365"
0.117501066676145,"MICAH_CLARKE_Q3050442"
0.976152943083648,"MIDDLEMARCH_Q313129"
0.0520374856859669,"MILLENIUM_HALL_Q6858753"
0.605736576985184,"MOLL_FLANDERS_Q612523"
0.0477757206414661,"MOPSA_THE_FAIRY_noWikiID"
0.132226821715085,"MORAL_TALES_noWikiID"
0.0477757206414661,"MR_MIDSHIPMAN_EASY_Q1936382"
0.0477757206414661,"MY_KALULU_PRINCE,_KING,_AND_SLAVE_noWikiID"
0.0477757206414661,"MY_LADY_LUDLOW_Q16387198"
0.0477757206414661,"MY_NEW_CURATE_noWikiID"
0.0543008598413405,"NATURE_AND_ART_Q48770862"
0.11291791638611,"NEW_ARABIAN_NIGHTS_noWikiID"
0.427995724732536,"NEW_GRUB_STREET_noWikiID"
0.384640372733741,"NEWS_FROM_NOWHERE_Q7019506"
0.0477757206414661,"NIGHT_AND_MORNING_noWikiID"
0.0616594855735503,"NIGHTMARE_ABBEY_Q4054406"
0.343042979973045,"NO_NAME_(NOVEL)_Q7044605"
0.0477757206414661,"NO_THOROUGHFARE_Q7045074"
0.260923318302859,"NORTH_AND_SOUTH_(GASKELL_NOVEL)_Q1853142"
0.573104135313384,"NORTHANGER_ABBEY_Q477508"
0.46129393099787,"NOSTROMO_Q430248"
0.0477757206414661,"NOUGHTS_&_CROSSES_noWikiID"
0.0520374856859669,"ODD_MAN_OUT_noWikiID"
0.049863479389024,"ODOUR_OF_CHRYSANTHEMUMS_Q7078330"
0.450141038132134,"OLD_MORTALITY_Q3234969"
0.910357373663103,"OLIVER_TWIST_Q164974"
0.0520374856859669,"ON_THE_FACE_OF_THE_WATERS_Q59151630"
0.160221548263055,"ORIGINAL_STORIES_FROM_REAL_LIFE_Q2705647"
0.117501066676145,"ORLEY_FARM_(NOVEL)_Q16962094"
0.818855815935781,"OROONOKO_Q2453934"
0.594948283367066,"OUR_MUTUAL_FRIEND_Q1557935"
0.0792421570318606,"OUR_VILLAGE_Q7111226"
0.0477757206414661,"OUT_ON_THE_PAMPAS_noWikiID"
0.84402409531542,"PAMELA_OR_VIRTUE_REWARDED_Q2048624"
0.11291791638611,"PANDORA_noWikiID"
0.127152048513252,"PATRONAGE_(NOVEL)_Q7148133"
0.137472234822425,"PENDENNIS_Q7162382"
0.417024677521532,"PERSUASION_(NOVEL)_Q333179"
0.374053924716987,"PETER_AND_WENDY_Q3435337"
0.117501066676145,"PETER_THE_WHALER_noWikiID"
0.0477757206414661,"PETER'S_PENCE_noWikiID"
0.137472234822425,"PHANTASTES_Q1616808"
0.0477757206414661,"PHILISTIA_noWikiID"
0.30372380755444,"PHINEAS_REDUX_Q7186370"
0.313316107488017,"PLAIN_TALES_FROM_THE_HILLS_Q3484772"
0.0477757206414661,"PLATTNER_STORY_noWikiID"
0.127152048513252,"POPULAR_TALES_noWikiID"
0.594948283367066,"PRIDE_AND_PREJUDICE_Q170583"
0.11291791638611,"PRINCE_RICARDO_OF_PANTOUFLIA_noWikiID"
0.117501066676145,"PUCK_OF_POOK'S_HILL_Q4342308"
0.117501066676145,"QUENTIN_DURWARD_Q2469230"
0.049863479389024,"RECOLLECTIONS_OF_A_DETECTIVE_POLICE_OFFICER_noWikiID"
0.0543008598413405,"RECORDS_OF_A_GIRLHOOD_noWikiID"
0.0543008598413405,"RED_POTTAGE_noWikiID"
0.562068477362731,"REDGAUNTLET_Q3422871"
0.154263355437284,"RINGAN_GILHAIZE_noWikiID"
0.605736576985184,"ROB_ROY_Q2156104"
0.0643129761992644,"ROBERT_ELSMERE_Q7344052"
0.122244604531682,"ROBERT_FALCONER_noWikiID"
0.930072496067797,"ROBINSON_CRUSOE_Q483034"
0.11291791638611,"ROMOLA_Q7363279"
0.049863479389024,"ROOKWOOD_(NOVEL)_Q7366231"
0.68764997588443,"ROXANA_Q3825485"
0.0477757206414661,"RUJUB_THE_JUGGLER_noWikiID"
0.212324186920024,"RUTH_Q80038"
0.11291791638611,"SAINT_RONAN'S_WELL_Q3232270"
0.0566567958260902,"SALEM_CHAPEL_noWikiID"
0.049863479389024,"SANDERS_OF_THE_RIVER_noWikiID"
0.323070787610778,"SANDITON_Q3180417"
0.605736576985184,"SARTOR_RESARTUS_Q1134140"
0.384640372733741,"SCENES_OF_CLERICAL_LIFE_Q6544172"
0.117501066676145,"SECRESY_noWikiID"
0.0699415703280632,"SELF-CONTROL_(NOVEL)_Q3478102"
0.339096257423352,"SENSE_AND_SENSIBILITY_Q274744"
0.11291791638611,"SENTIMENTAL_TOMMY_noWikiID"
0.0477757206414661,"SEVEN_LITTLE_AUSTRALIANS_Q7457323"
0.23024672621441,"SHE_A_HISTORY_OF_ADVENTURE_Q640513"
0.528634267866976,"SHIRLEY_(NOVEL)_Q615175"
0.427995724732536,"SILAS_MARNER_Q638327"
0.0477757206414661,"SING_A_SONG_OF_SIXPENCE_noWikiID"
0.11291791638611,"SIR_GIBBIE_noWikiID"
0.11291791638611,"SIR_NIGEL_Q1963997"
0.11291791638611,"SKETCHES_BY_BOZ_Q2609480"
0.0477757206414661,"SOME_EXPERIENCES_OF_AN_IRISH_R.M._noWikiID"
0.0477757206414661,"SON_OF_MARS_noWikiID"
0.190637850864638,"SONS_AND_LOVERS_Q80771"
0.0477757206414661,"SPIES_OF_THE_KAISER_noWikiID"
0.11291791638611,"ST_IVES_Q4675044"
0.137472234822425,"ST_LEON_Q7589523"
0.049863479389024,"ST_MARTIN'S_EVE_noWikiID"
0.30372380755444,"STALKY_&_CO._Q4439259"
0.0543008598413405,"STELLA_MARIS_noWikiID"
0.049863479389024,"STORIES_OF_RED_HANRAHAN_noWikiID"
0.11291791638611,"SUNRISE_noWikiID"
0.117501066676145,"SUSPIRIA_DE_PROFUNDIS_Q3978307"
0.450141038132134,"SYBIL_Q3506752"
0.146710915746886,"SYLVIAS_LOVERS_Q14566477"
0.11291791638611,"SYLVIE_AND_BRUNO_Q1632505"
0.11291791638611,"TALE_OF_TWO_BAD_MICE_noWikiID"
0.0591085593605752,"TALES_FROM_SHAKESPEARE_Q589197"
0.122244604531682,"TALES_OF_FASHIONABLE_LIFE_noWikiID"
0.0520374856859669,"TALES_OF_MEAN_STREETS_noWikiID"
0.137472234822425,"TALES_OF_UNREST_noWikiID"
0.137472234822425,"TANCRED_(NOVEL)_Q7682378"
0.616422785736394,"TESS_OF_THE_D'URBERVILLES_Q649409"
0.122244604531682,"THE_ABBOT_Q2717772"
0.263655687664613,"THE_ABSENTEE_Q7712149"
0.11291791638611,"THE_ADVENTURES_OF_A_BROWNIE_noWikiID"
0.049863479389024,"THE_ADVENTURES_OF_ANTHONY_VARNISH_noWikiID"
0.0566567958260902,"THE_ADVENTURES_OF_DAVID_SIMPLE_noWikiID"
0.049863479389024,"THE_ADVENTURES_OF_HAJJI_BABA_noWikiID"
0.11291791638611,"THE_ADVENTURES_OF_HUGH_TREVOR_noWikiID"
0.0520374856859669,"THE_ADVENTURES_OF_PEREGRINE_PICKLE_Q7712607"
0.0477757206414661,"THE_ADVENTURES_OF_RIVELLA_Q85806338"
0.146710915746886,"THE_ADVENTURES_OF_RODERICK_RANDOM_Q7712626"
0.363586690277014,"THE_ADVENTURES_OF_SHERLOCK_HOLMES_Q392147"
0.11291791638611,"THE_ALTAR_OF_THE_DEAD_Q7713242"
0.353247063375283,"THE_AMBASSADORS_Q650571"
0.285047546124646,"THE_AMERICAN_Q3080503"
0.127152048513252,"THE_ANTI-PAMELA_Q7713932"
0.323070787610778,"THE_ANTIQUARY_Q1157183"
0.285047546124646,"THE_ASPERN_PAPERS_Q2362409"
0.141170686071351,"THE_AUTOBIOGRAPHY_OF_MARK_RUTHERFORD_noWikiID"
0.11291791638611,"THE_AWKWARD_AGE_noWikiID"
0.11291791638611,"THE_AYRSHIRE_LEGATEES_noWikiID"
0.0520374856859669,"THE_BATTLE_OF_DORKING_Q7715857"
0.132226821715085,"THE_BATTLE_OF_THE_BOOKS_Q7715895"
0.148487553986026,"THE_BEACH_OF_FALESA_Q7715970"
0.122244604531682,"THE_BEETLE_(NOVEL)_Q7716299"
0.0643129761992644,"THE_BETH_BOOK_noWikiID"
0.11291791638611,"THE_BICKERSTAFF_PAPERS_noWikiID"
0.11291791638611,"THE_BLACK_ARROW_noWikiID"
0.132226821715085,"THE_BLACK_DWARF_noWikiID"
0.0670724962784257,"THE_BLACK_PROPHET_noWikiID"
0.11291791638611,"THE_BODY-SNATCHER_noWikiID"
0.0477757206414661,"THE_BOOK_OF_WONDER_Q7719322"
0.384640372733741,"THE_BRIDE_OF_LAMMERMOOR_Q2659725"
0.0477757206414661,"THE_BRITISH_BARBARIANS_noWikiID"
0.148487553986026,"THE_BROWNIE_OF_BODSBECK_Q96408508"
0.117501066676145,"THE_CANTERVILLE_GHOST_Q288020"
0.0477757206414661,"THE_CARVED_LIONS_Q7721468"
0.913959841960442,"THE_CASTLE_OF_OTRANTO_Q548576"
0.049863479389024,"THE_CASTLE_OF_WOLFENBACH_Q3520218"
0.049863479389024,"THE_CASTLES_OF_ATHLIN_AND_DUNBAYNE_Q7721600"
0.0477757206414661,"THE_CAXTONS_Q16385244"
0.049863479389024,"THE_CHANGELING_noWikiID"
0.0477757206414661,"THE_CHANNINGS_(NOVEL)_Q7722115"
0.0729237779448048,"THE_CHILDREN_OF_THE_ABBEY_Q7722505"
0.049863479389024,"THE_CHILDREN_OF_THE_NEW_FOREST_Q7722508"
0.11291791638611,"THE_CHIMES_Q3828573"
0.137472234822425,"THE_CLAYHANGER_noWikiID"
0.0477757206414661,"THE_CLEVER_WOMAN_OF_THE_FAMILY_noWikiID"
0.0543008598413405,"THE_CLOISTER_AND_THE_HEARTH_Q7723455"
0.0477757206414661,"THE_COMING_OF_CUCULAIN_noWikiID"
0.049863479389024,"THE_CONFESSIONS_OF_HARRY_LORREQUER_noWikiID"
0.11291791638611,"THE_CONSOLIDATOR_Q60753482"
0.154263355437284,"THE_COUNTRY_OF_THE_BLIND_Q823691"
0.11291791638611,"THE_CRICKET_ON_THE_HEARTH_Q825220"
0.0591085593605752,"THE_CROCK_OF_GOLD_(NOVEL)_Q7728134"
0.049863479389024,"THE_CROWN_OF_SUCCESS_noWikiID"
0.0477757206414661,"THE_DARK_FLOWER_noWikiID"
0.0477757206414661,"THE_DAYS_OF_AULD_LANGSYNE_noWikiID"
0.30372380755444,"THE_DEAD_SECRET_Q16934313"
0.0477757206414661,"THE_DEMI-GODS_noWikiID"
0.164415364683147,"THE_DIARY_OF_A_NOBODY_Q864150"
0.204901193890185,"THE_DOCTOR'S_WIFE_(MOORE_NOVEL)_Q7730467"
0.294299317623214,"THE_DUKE'S_CHILDREN_Q7731161"
0.0543008598413405,"THE_DYNAMITER_noWikiID"
0.0477757206414661,"THE_EBB-TIDE_Q4674957"
0.122244604531682,"THE_EGOIST_(NOVEL)_Q7731638"
0.0477757206414661,"THE_EMIGRANTS_OF_AHADARRA_noWikiID"
0.0477757206414661,"THE_ENCHANTED_CASTLE_Q2920166"
0.148487553986026,"THE_ENTAIL_noWikiID"
0.294299317623214,"THE_EUSTACE_DIAMONDS_Q7732627"
0.11291791638611,"THE_EVIL_GUEST_noWikiID"
0.0477757206414661,"THE_EXECUTOR_noWikiID"
0.335938753528388,"THE_EXPEDITION_OF_HUMPHRY_CLINKER_Q3203413"
0.049863479389024,"THE_EXPERIENCES_OF_LOVEDAY_BROOKE,_LADY_DETECTIVE_noWikiID"
0.122244604531682,"THE_FAIR_JILT_Q18393398"
0.11291791638611,"THE_FAIR_MAID_OF_PERTH_Q3209885"
0.0543008598413405,"THE_FAIRCHILD_FAMILY_noWikiID"
0.11291791638611,"THE_FALLEN_LEAVES_(BOOK)_Q85807134"
0.0520374856859669,"THE_FATHER_AND_DAUGHTER_Q65052285"
0.27863497027921,"THE_FEMALE_QUIXOTE_Q1404172"
0.11291791638611,"THE_FIDDLER_OF_THE_REELS_Q2288667"
0.11291791638611,"THE_FIGURE_IN_THE_CARPET_Q3224800"
0.30372380755444,"THE_FIRST_MEN_IN_THE_MOON_Q1218232"
0.11291791638611,"THE_FIXED_PERIOD_Q7734312"
0.0520374856859669,"THE_FOOD_OF_THE_GODS_AND_HOW_IT_CAME_TO_EARTH_Q1215802"
0.0792421570318606,"THE_FOOL_OF_QUALITY_Q7734703"
0.158330619297716,"THE_FORSYTE_SAGA_Q735319"
0.117501066676145,"THE_FORTUNES_OF_NIGEL_Q3230799"
0.117501066676145,"THE_FROZEN_DEEP_Q7735382"
0.049863479389024,"THE_GENTLEMAN_noWikiID"
0.11291791638611,"THE_GOLDEN_AGE_noWikiID"
0.323070787610778,"THE_GOLDEN_BOWL_Q1248585"
0.0477757206414661,"THE_GORILLA_HUNTERS_Q17015740"
0.076022748805838,"THE_GOVERNESS;_OR,_THE_LITTLE_FEMALE_ACADEMY_Q7737400"
0.137472234822425,"THE_GREAT_GOD_PAN_Q1394704"
0.0477757206414661,"THE_GREAT_TABOO_noWikiID"
0.0477757206414661,"THE_GREAT_WAR_IN_ENGLAND_IN_1897_Q7737983"
0.049863479389024,"THE_GREEN_CARNATION_Q7738140"
0.11291791638611,"THE_GRIM_SMILE_OF_THE_FIVE_TOWNS_Q24255934"
0.142891468333576,"THE_HAPPY_PRINCE_AND_OTHER_TALES_Q797466"
0.11291791638611,"THE_HAUNTED_HOUSE_Q6073289"
0.127152048513252,"THE_HAUNTED_MAN_AND_THE_GHOST'S_BARGAIN_Q3795070"
0.395337204568379,"THE_HEART_OF_MIDLOTHIAN_Q2091094"
0.109783051426266,"THE_HEAVENLY_TWINS_noWikiID"
0.0591085593605752,"THE_HEIR_OF_REDCLYFFE_Q7739314"
0.0477757206414661,"THE_HERO_noWikiID"
0.0520374856859669,"THE_HEROINE_noWikiID"
0.0477757206414661,"THE_HILL_noWikiID"
0.117501066676145,"THE_HILL_OF_DREAMS_Q1394147"
0.11291791638611,"THE_HISTORY_AND_REMARKABLE_LIFE_OF_THE_TRULY_HONOURABLE_COL_noWikiID"
0.0591085593605752,"THE_HISTORY_OF_EMILY_MONTAGUE_Q42191035"
0.0591085593605752,"THE_HISTORY_OF_JACK_CONNOR_noWikiID"
0.0896602762528474,"THE_HISTORY_OF_LITTLE_GOODY_TWO-SHOES_Q12060236"
0.127152048513252,"THE_HISTORY_OF_MISS_BETSY_THOUGHTLESS_noWikiID"
0.0520374856859669,"THE_HISTORY_OF_MR_POLLY_Q2507552"
0.668015506032498,"THE_HISTORY_OF_RASSELAS,_PRINCE_OF_ABYSSINIA_Q3419875"
0.127152048513252,"THE_HISTORY_OF_SANDFORD_AND_MERTON_Q7739806"
0.117501066676145,"THE_HISTORY_OF_SIR_CHARLES_GRANDISON_Q3521260"
0.0543008598413405,"THE_HISTORY_OF_THE_COUNTESS_OF_DELLWYN_Q19902681"
0.0520374856859669,"THE_HISTORY_OF_THE_FAIRCHILD_FAMILY_Q7739822"
0.11291791638611,"THE_HISTORY_OF_THE_NUN_Q7739821"
0.417024677521532,"THE_HISTORY_OF_TOM_JONES,_A_FOUNDLING_Q248096"
0.0477757206414661,"THE_HORRORS_OF_OAKENDALE_ABBEY_Q7740333"
0.353247063375283,"THE_HOUND_OF_THE_BASKERVILLES_Q45192"
0.122244604531682,"THE_HOUSE_BY_THE_CHURCHYARD_Q4165605"
0.117501066676145,"THE_HOUSE_ON_THE_BORDERLAND_Q740473"
0.0477757206414661,"THE_HOUSE_WITH_THE_GREEN_SHUTTERS_Q7740720"
0.049863479389024,"THE_INHERITORS_(CONRAD_AND_FORD_NOVEL)_Q7742035"
0.132226821715085,"THE_INTERESTING_NARRATIVE_OF_THE_LIFE_OF_OLAUDAH_EQUIANO_Q7742270"
0.0566567958260902,"THE_INTERPRETERS_noWikiID"
0.164415364683147,"THE_INVISIBLE_MAN_Q1539509"
0.243956771125803,"THE_ISLAND_OF_DOCTOR_MOREAU_Q718268"
0.204901193890185,"THE_ITALIAN_(RADCLIFFE_NOVEL)_Q3204370"
0.11291791638611,"THE_JOLLY_CORNER_Q15240001"
0.374053924716987,"THE_JUNGLE_BOOK_Q189509"
0.11291791638611,"THE_KELLYS_AND_THE_O'KELLYS_Q7744082"
0.11291791638611,"THE_KING_AND_QUEEN_OF_HEARTS_noWikiID"
0.122244604531682,"THE_KING_OF_THE_GOLDEN_RIVER_Q14476439"
0.117501066676145,"THE_KING_OF_THE_PIRATES_noWikiID"
0.0543008598413405,"THE_KING'S_OWN_noWikiID"
0.0477757206414661,"THE_LANCASHIRE_WITCHES_Q7745322"
0.11291791638611,"THE_LAND_IRONCLADS_Q7745355"
0.122244604531682,"THE_LANDLEAGUERS_noWikiID"
0.0591085593605752,"THE_LAST_DAYS_OF_POMPEII_Q1218985"
0.235758887377866,"THE_LAST_MAN_noWikiID"
0.395337204568379,"THE_LAW_AND_THE_LADY_(NOVEL)_Q3480742"
0.733799591996489,"THE_LIFE_AND_OPINIONS_OF_TRISTRAM_SHANDY_GENTLEMAN_Q1164083"
0.0477757206414661,"THE_LIFE_OF_HARRIOT_STUART_noWikiID"
0.0566567958260902,"THE_LIFE_OF_JOHN_BUNCLE_noWikiID"
0.132226821715085,"THE_LIFTED_VEIL_(NOVELLA)_Q6763446"
0.11291791638611,"THE_LIGHT_PRINCESS_noWikiID"
0.049863479389024,"THE_LIGHTHOUSE_noWikiID"
0.11291791638611,"THE_LITTLE_LAME_PRINCE_AND_HIS_TRAVELLING_CLOAK_Q7747642"
0.11291791638611,"THE_LITTLE_MINISTER_noWikiID"
0.11291791638611,"THE_LONGEST_JOURNEY_Q15999894"
0.0477757206414661,"THE_LOUGH_DERG_PILGRIM_noWikiID"
0.285047546124646,"THE_LUCK_OF_BARRY_LYNDON_Q2124771"
0.11291791638611,"THE_MACDERMOTS_OF_BALLYCORAN_noWikiID"
0.127152048513252,"THE_MAN_noWikiID"
0.616422785736394,"THE_MAN_OF_FEELING_Q7750109"
0.0477757206414661,"THE_MAN_WHO_COULD_WORK_MIRACLES_(SHORT_STORY)_Q7749926"
0.0477757206414661,"THE_MAN_WHO_WAS_THURSDAY_Q959816"
0.294299317623214,"THE_MAN_WHO_WOULD_BE_KING_Q1129936"
0.0477757206414661,"THE_MANXMAN_noWikiID"
0.11291791638611,"THE_MARTIAN_noWikiID"
0.148487553986026,"THE_MASTER_OF_BALLANTRAE_Q2615930"
0.332981899154278,"THE_MAYOR_OF_CASTERBRIDGE_Q2343169"
0.154263355437284,"THE_MEMOIRS_OF_MISS_SIDNEY_BIDULPH_Q124661412"
0.0477757206414661,"THE_MERCENARY_LOVER_noWikiID"
0.7830931596165,"THE_MILL_ON_THE_FLOSS_Q1215018"
0.11291791638611,"THE_MIRROR_OF_THE_SEA_noWikiID"
0.049863479389024,"THE_MISFORTUNES_OF_ELPHIN_Q7751712"
0.122244604531682,"THE_MONASTERY_Q3224650"
0.398516949286156,"THE_MONK_Q2659564"
0.724924183340321,"THE_MOONSTONE_Q2362563"
0.11291791638611,"THE_MUDFOG_PAPERS_Q7752595"
0.11291791638611,"THE_MUMMER'S_WIFE_Q42186018"
0.11291791638611,"THE_MURDERED_COUSIN_noWikiID"
0.0825857148766979,"THE_MYSTERIES_OF_LONDON_Q7752831"
0.520733070723992,"THE_MYSTERIES_OF_UDOLPHO_Q2600909"
0.0477757206414661,"THE_MYSTERY_OF_A_HANSOM_CAB_noWikiID"
0.285047546124646,"THE_MYSTERY_OF_EDWIN_DROOD_Q1168105"
0.332981899154278,"THE_NETHER_WORLD_Q7753436"
0.117501066676145,"THE_NEW_ACCELERATOR_Q7753474"
0.049863479389024,"THE_NEW_MACHIAVELLI_Q10381652"
0.117501066676145,"THE_NEW_MAGDALEN_noWikiID"
0.0477757206414661,"THE_NEW_ROAD_noWikiID"
0.122244604531682,"THE_NEWCOMES_Q3522018"
0.148487553986026,"THE_NIGGER_OF_THE_NARCISSUS_Q478537"
0.0477757206414661,"THE_NOTTING_HILL_MYSTERY_Q7754437"
0.323070787610778,"THE_ODD_WOMEN_Q7754692"
0.0477757206414661,"THE_O'DONOGHUE_noWikiID"
0.46129393099787,"THE_OLD_CURIOSITY_SHOP_Q2700616"
0.27863497027921,"THE_OLD_ENGLISH_BARON_Q3796165"
0.160221548263055,"THE_OLD_MANOR_HOUSE_Q96409526"
0.127152048513252,"THE_OLD_WIVES'_TALE_noWikiID"
0.122244604531682,"THE_ORDEAL_OF_RICHARD_FEVEREL_Q14476502"
0.0477757206414661,"THE_OUTCAST_noWikiID"
0.117501066676145,"THE_PARASITE_Q5295669"
0.137472234822425,"THE_PARENT'S_ASSISTANT_Q3522169"
0.11291791638611,"THE_PERILS_OF_CERTAIN_ENGLISH_PRISONERS_noWikiID"
0.049863479389024,"THE_PHANTOM_COACH_noWikiID"
0.049863479389024,"THE_PHOENIX_AND_THE_CARPET_Q3795974"
0.724924183340321,"THE_PICKWICK_PAPERS_Q460583"
0.605736576985184,"THE_PICTURE_OF_DORIAN_GRAY_Q82464"
0.127152048513252,"THE_PIRATE_(NOVEL)_Q3225628"
0.11291791638611,"THE_POINT_OF_VIEW_noWikiID"
0.30372380755444,"THE_PORTRAIT_OF_A_LADY_Q861017"
0.122244604531682,"THE_PORTRAIT_OF_MR._W._H._noWikiID"
0.294299317623214,"THE_PRIME_MINISTER_noWikiID"
0.11291791638611,"THE_PRINCESS_AND_THE_GOBLIN_Q466505"
0.122244604531682,"THE_PRINCESS_CASAMASSIMA_Q3211932"
0.733799591996489,"THE_PRIVATE_MEMOIRS_AND_CONFESSIONS_OF_A_JUSTIFIED_SINNER_Q2992437"
0.117501066676145,"THE_PRIVATE_PAPERS_OF_HENRY_RYECROFT_Q17027661"
0.30372380755444,"THE_PROFESSOR_(NOVEL)_Q762203"
0.11291791638611,"THE_PROVOST_noWikiID"
0.11291791638611,"THE_PURCELL_PAPERS_Q7758781"
0.0477757206414661,"THE_QUADROON_noWikiID"
0.0477757206414661,"THE_QUIET_HEART_noWikiID"
0.141170686071351,"THE_RAGGED-TROUSERED_PHILANTHROPISTS_Q7759270"
0.0670724962784257,"THE_REAL_CHARLOTTE_noWikiID"
0.11291791638611,"THE_RECOLLECTIONS_OF_GEOFFREY_HAMLYN_Q121356927"
0.049863479389024,"THE_REFORM'D_COQUET_Q7760024"
0.363586690277014,"THE_RETURN_OF_THE_NATIVE_Q141568"
0.049863479389024,"THE_REVOLUTION_IN_TANNER'S_LANE_noWikiID"
0.158330619297716,"THE_RIDDLE_OF_THE_SANDS_Q1170204"
0.0543008598413405,"THE_ROMANCE_OF_A_SHOP_Q17019147"
0.17068652890912,"THE_ROMANCE_OF_THE_FOREST_Q3406503"
0.0477757206414661,"THE_ROMANY_RYE_Q7761435"
0.049863479389024,"THE_ROSARY_noWikiID"
0.127152048513252,"THE_ROSE_AND_THE_RING_Q7761552"
0.132226821715085,"THE_SCOTTISH_CHIEFS_noWikiID"
0.0477757206414661,"THE_SEAFARER_noWikiID"
0.117501066676145,"THE_SECOND_JUNGLE_BOOK_Q1101819"
0.384640372733741,"THE_SECRET_AGENT_Q1247666"
0.353247063375283,"THE_SECRET_GARDEN_Q472194"
0.0520374856859669,"THE_SECRET_ROSE_noWikiID"
0.122244604531682,"THE_SECRET_SHARER_noWikiID"
0.0477757206414661,"THE_SETTLERS_IN_CANADA_Q7763415"
0.0477757206414661,"THE_SHADOW_OF_A_CRIME_1885_noWikiID"
0.0520374856859669,"THE_SHADOW_OF_ASHLYDYAT_noWikiID"
0.127152048513252,"THE_SIGNAL-MAN_Q1002362"
0.11291791638611,"THE_SILVERADO_SQUATTERS_noWikiID"
0.0566567958260902,"THE_SLEEPER_AWAKES_Q650949"
0.294299317623214,"THE_SMALL_HOUSE_AT_ALLINGTON_Q7764868"
0.0566567958260902,"THE_SORROWS_OF_SATAN_Q13424700"
0.285047546124646,"THE_SPOILS_OF_POYNTON_Q3809486"
0.0477757206414661,"THE_STICKIT_MINISTER_noWikiID"
0.049863479389024,"THE_STORY_OF_A_MODERN_WOMAN_Q7766819"
0.117501066676145,"THE_STORY_OF_MY_HEART_Q7766776"
0.049863479389024,"THE_STORY_OF_THE_AMULET_Q7766831"
0.0477757206414661,"THE_STORY_OF_THE_TREASURE_SEEKERS_Q7766848"
0.0477757206414661,"THE_STRING_OF_PEARLS_Q7767037"
0.11291791638611,"THE_TAILOR_OF_GLOUCESTER_noWikiID"
0.11291791638611,"THE_TALE_OF_MR_JEREMY_FISHER_noWikiID"
0.137472234822425,"THE_TALE_OF_PETER_RABBIT_Q580463"
0.132226821715085,"THE_TALISMAN_(SCOTT_NOVEL)_Q952340"
0.197672587097148,"THE_TENANT_OF_WILDFELL_HALL_Q44701"
0.11291791638611,"THE_TENANTS_OF_MALORY_noWikiID"
0.0477757206414661,"THE_THORN_IN_THE_FLESH_noWikiID"
0.0477757206414661,"THE_THREE_BROTHERS_noWikiID"
0.11291791638611,"THE_THREE_MIDSHIPMEN_noWikiID"
0.142891468333576,"THE_THREE_PERILS_OF_MAN_Q96409659"
0.838012426793004,"THE_TIME_MACHINE_Q627333"
0.0477757206414661,"THE_TITHE_PROCTOR_noWikiID"
0.0477757206414661,"THE_TOWER_OF_LONDON_(NOVEL)_Q2414713"
0.0477757206414661,"THE_TRAIL_OF_THE_SERPENT_Q24971199"
0.049863479389024,"THE_TRIUMPH_OF_PRUDENCE_OVER_PASSION_noWikiID"
0.0477757206414661,"THE_TRUMPET_noWikiID"
0.427995724732536,"THE_TURN_OF_THE_SCREW_Q625923"
0.117501066676145,"THE_UNCLASSED_Q7771311"
0.172694745758032,"THE_UNTILLED_FIELD_noWikiID"
0.313316107488017,"THE_VAMPYRE_Q509070"
0.332981899154278,"THE_VICAR_OF_WAKEFIELD_Q1196205"
0.11291791638611,"THE_VICAR_OF_WREXHILL_noWikiID"
0.0477757206414661,"THE_VILLAGE_IN_THE_JUNGLE_Q19902832"
0.323070787610778,"THE_VIRGINIANS_Q7772832"
0.049863479389024,"THE_WAR_IN_THE_AIR_Q964055"
0.294299317623214,"THE_WARDEN_Q3818437"
0.417024677521532,"THE_WATER-BABIES_A_FAIRY_TALE_FOR_A_LAND_BABY_Q14914646"
0.0860571657090285,"THE_WAY_OF_ALL_FLESH_Q255074"
0.16636459934805,"THE_WAY_WE_LIVE_NOW_Q7773866"
0.11291791638611,"THE_WELL_AT_THE_WORLD'S_END_Q2384134"
0.137472234822425,"THE_WELL-BELOVED_Q2906193"
0.11291791638611,"THE_WHIRLPOOL_noWikiID"
0.11291791638611,"THE_WHITE_COMPANY_noWikiID"
0.049863479389024,"THE_WHITE_PEACOCK_Q7774542"
0.0520374856859669,"THE_WHITE_ROOM_noWikiID"
0.117501066676145,"THE_WIDOW_BARNABY_noWikiID"
0.619558723877394,"THE_WILD_IRISH_GIRL_Q7774872"
0.384640372733741,"THE_WIND_IN_THE_WILLOWS_Q936276"
0.285047546124646,"THE_WINGS_OF_A_DOVE_Q1557588"
0.964677124546833,"THE_WOMAN_IN_WHITE_(NOVEL)_Q1212672"
0.332981899154278,"THE_WOODLANDERS_Q2254480"
0.049863479389024,"THE_WORLD_SET_FREE_Q5051290"
0.0477757206414661,"THE_WOULDBEGOODS_noWikiID"
0.0477757206414661,"THE_WRECKER_Q2753955"
0.0477757206414661,"THE_YOUNG_BUGLERS_noWikiID"
0.11291791638611,"THE_YOUNG_DUKE_Q45028402"
0.0477757206414661,"THE_YOUNG_FUR_TRADERS_noWikiID"
0.0520374856859669,"THREE_WEEKS_noWikiID"
0.313316107488017,"THROUGH_THE_LOOKING-GLASS_Q220331"
0.127152048513252,"THYRZA_noWikiID"
0.0477757206414661,"TIME_AND_THE_GODS_Q7805268"
0.384640372733741,"TOM_BROWN'S_SCHOOL_DAYS_Q7815084"
0.122244604531682,"TOMMY_AND_GRIZEL_Q124090899"
0.097276608150085,"TONO-BUNGAY_Q1535422"
0.483705206701587,"TREASURE_ISLAND_Q185118"
0.313316107488017,"TRILBY_(NOVEL)_Q1691967"
0.0477757206414661,"TWO_LITTLE_SAVAGES_noWikiID"
0.11291791638611,"TWO_ON_A_TOWER_Q7859431"
0.285047546124646,"TYPHOON_Q1329329"
0.11291791638611,"UNCLE_SILAS_Q3835925"
0.30372380755444,"UNDER_THE_GREENWOOD_TREE_Q2251594"
0.353247063375283,"UNDER_WESTERN_EYES_(NOVEL)_Q3685905"
0.0477757206414661,"UNKNOWN_TO_HISTORY_noWikiID"
0.0477757206414661,"VALPERGA_noWikiID"
0.812090070563247,"VANITY_FAIR_(NOVEL)_Q612836"
0.0477757206414661,"VARNEY_THE_VAMPIRE_Q1987925"
0.353247063375283,"VATHEK_Q54548"
0.0477757206414661,"VERTUE_REWARDED_Q104811485"
0.733799591996489,"VILLETTE_(NOVEL)_Q2449570"
0.11291791638611,"VIVIAN_GREY_Q7937713"
0.0591085593605752,"VRIL_Q510699"
0.999388623975874,"WAVERLEY_Q678251"
0.049863479389024,"WAYFARERS_noWikiID"
0.11291791638611,"WEIR_OF_HERMISTON_Q1213386"
0.122244604531682,"WESTWARD_HO_noWikiID"
0.0477757206414661,"WET_MAGIC_noWikiID"
0.323070787610778,"WHAT_MAISIE_KNEW_Q2943614"
0.0477757206414661,"WILD_ANIMALS_I_HAVE_KNOWN_Q8000500"
0.11291791638611,"WILLING_TO_DIE_noWikiID"
0.0543008598413405,"WINTER_EVENING_TALES_Q96415343"
0.122244604531682,"WITH_THE_NIGHT_MAIL_noWikiID"
0.152429981210903,"WIVES_AND_DAUGHTERS_Q2453239"
0.84402409531542,"WUTHERING_HEIGHTS_Q202975"
0.117501066676145,"YEAST_noWikiID"
0.127152048513252,"ZASTROZZI_Q8067086"
0.0477757206414661,"ZOE_noWikiID"
0.049863479389024,"ZULEIKA_DOBSON_Q8075113"
